{
    "R2": 0.4745380650066804,
    "MSE": 1.0601875725028667
}